City_ID,City,Country,Date,Lat,Lng,Max Temp,Humidity,Cloudiness,Wind Speed
0,Albany,US,2021-06-06 16:46:21,42.6001,-73.9662,90.09,45,58,1.01
1,Yellowknife,CA,2021-06-06 16:50:41,62.456,-114.3525,46.33,65,75,5.99
2,Ribeira Grande,PT,2021-06-06 16:50:41,38.5167,-28.7,70.2,83,40,12.66
3,Nikolskoye,RU,2021-06-06 16:50:41,59.7035,30.7861,71.49,56,12,5.44
4,Bluff,NZ,2021-06-06 16:50:09,-46.6,168.3333,46.18,84,57,6.87
5,El Dorado,US,2021-06-06 16:50:42,38.7666,-120.5177,85.12,36,8,1.99
6,San-Pedro,CI,2021-06-06 16:50:42,4.7485,-6.6363,82.38,74,50,8.12
7,Port Alfred,ZA,2021-06-06 16:49:57,-33.5906,26.891,65.46,42,0,10.0
8,Gorin,RU,2021-06-06 16:50:43,51.1983,136.6669,47.86,96,96,4.07
9,Pontianak,ID,2021-06-06 16:46:44,-0.0333,109.3333,75.18,100,75,3.4
10,Steamboat Springs,US,2021-06-06 16:50:18,40.485,-106.8317,73.0,37,1,3.44
11,Nishihara,JP,2021-06-06 16:50:44,26.1842,127.7558,78.85,91,90,5.01
12,Tuktoyaktuk,CA,2021-06-06 16:50:44,69.4541,-133.0374,32.0,80,90,8.05
13,Pa Sang,TH,2021-06-06 16:50:45,18.5262,98.9394,79.0,84,86,3.0
14,Buraydah,SA,2021-06-06 16:50:45,26.326,43.975,108.05,8,5,11.34
15,Vaini,TO,2021-06-06 16:50:45,-21.2,-175.2,71.76,83,40,6.91
16,Tasiilaq,GL,2021-06-06 16:50:46,65.6145,-37.6368,39.13,92,91,4.25
17,Cuenca,EC,2021-06-06 16:47:26,-2.8833,-78.9833,66.33,63,40,3.44
18,Cape Town,ZA,2021-06-06 16:49:23,-33.9258,18.4232,73.81,27,0,10.36
19,Busselton,AU,2021-06-06 16:49:06,-33.65,115.3333,50.09,71,23,9.15
20,Rikitea,PF,2021-06-06 16:50:46,-23.1203,-134.9692,76.46,83,97,14.0
21,Punta Arenas,CL,2021-06-06 16:50:47,-53.15,-70.9167,37.51,87,0,13.22
22,Ushuaia,AR,2021-06-06 16:49:52,-54.8,-68.3,38.86,70,75,5.75
23,Sibu,MY,2021-06-06 16:50:47,2.3,111.8167,75.51,100,40,1.99
24,Pangkalanbuun,ID,2021-06-06 16:50:48,-2.6833,111.6167,74.68,97,81,0.34
25,Manaure,CO,2021-06-06 16:50:48,11.7751,-72.4445,86.38,60,100,17.98
26,Saldanha,ZA,2021-06-06 16:50:48,-33.0117,17.9442,69.85,48,25,11.16
27,Lebu,CL,2021-06-06 16:50:49,-37.6167,-73.65,51.1,68,100,1.05
28,Ambunti,PG,2021-06-06 16:50:49,-4.2365,142.8448,73.42,99,99,2.37
29,Tura,IN,2021-06-06 16:50:49,25.5198,90.2201,74.73,95,51,8.28
30,Ostrovnoy,RU,2021-06-06 16:50:50,68.0531,39.5131,42.26,72,21,12.3
31,Bowen,AU,2021-06-06 16:50:50,-20.0167,148.2333,61.02,81,97,15.39
32,Asau,RO,2021-06-06 16:50:50,46.4333,26.4,67.28,58,12,1.39
33,Souillac,MU,2021-06-06 16:50:51,-20.5167,57.5167,73.78,88,20,9.15
34,Mahebourg,MU,2021-06-06 16:50:51,-20.4081,57.7,73.69,88,20,8.05
35,Westport,US,2021-06-06 16:50:51,41.1415,-73.3579,95.41,50,1,1.01
36,Bengkulu,ID,2021-06-06 16:49:32,-3.8004,102.2655,74.68,89,11,4.47
37,Varkaus,FI,2021-06-06 16:50:52,62.3153,27.873,71.71,63,47,4.76
38,Lishan,CN,2021-06-06 16:50:52,31.8576,113.2951,72.32,69,100,6.64
39,Sao Teotonio,PT,2021-06-06 16:50:53,37.5128,-8.7071,65.68,50,0,11.43
40,Kavaratti,IN,2021-06-06 16:50:53,10.5669,72.642,82.94,75,100,10.4
41,Cidreira,BR,2021-06-06 16:50:53,-30.1811,-50.2056,63.48,82,100,8.39
42,Baykit,RU,2021-06-06 16:50:54,61.67,96.37,33.01,74,14,0.31
43,Puerto Ayora,EC,2021-06-06 16:50:54,-0.7393,-90.3518,80.56,84,27,5.99
44,Ferrol,ES,2021-06-06 16:50:54,43.4832,-8.2369,70.23,79,86,17.78
45,Qaanaaq,GL,2021-06-06 16:50:55,77.484,-69.3632,39.9,85,85,4.74
46,Skibbereen,IE,2021-06-06 16:50:55,51.55,-9.2667,60.6,67,70,8.1
47,Hualmay,PE,2021-06-06 16:50:55,-11.0964,-77.6139,67.95,71,72,9.13
48,Porbandar,IN,2021-06-06 16:50:56,21.6422,69.6093,85.35,70,2,12.28
49,Clyde River,CA,2021-06-06 16:50:56,70.4692,-68.5914,34.03,100,90,11.5
50,Russkaya Polyana,UA,2021-06-06 16:50:57,49.417,31.9201,60.78,87,83,7.65
51,Fortuna,US,2021-06-06 16:50:57,40.5982,-124.1573,60.93,69,1,1.99
52,Kaitangata,NZ,2021-06-06 16:50:57,-46.2817,169.8464,43.88,85,73,2.17
53,Kodiak,US,2021-06-06 16:50:58,57.79,-152.4072,53.11,50,1,19.57
54,Atuona,PF,2021-06-06 16:47:45,-9.8,-139.0333,79.5,65,66,10.4
55,Mahibadhoo,MV,2021-06-06 16:50:58,3.7833,72.9667,83.17,75,7,14.23
56,Dikson,RU,2021-06-06 16:50:59,73.5069,80.5464,30.54,86,100,10.74
57,Along,IN,2021-06-06 16:50:59,28.1667,94.7667,72.36,98,97,0.31
58,Aktash,RU,2021-06-06 16:50:59,50.3,87.7333,33.31,87,27,1.25
59,Okato,NZ,2021-06-06 16:51:00,-39.2,173.8833,54.43,89,100,11.74
60,Iqaluit,CA,2021-06-06 16:47:44,63.7506,-68.5145,35.33,80,75,4.0
61,Nizhniy Odes,RU,2021-06-06 16:51:00,63.6445,54.856,54.82,31,65,4.76
62,Fort Nelson,CA,2021-06-06 16:51:01,58.8053,-122.7002,49.59,93,90,6.91
63,Vezirkopru,TR,2021-06-06 16:51:01,41.1436,35.4547,66.69,82,38,4.79
64,Bonthe,SL,2021-06-06 16:51:01,7.5264,-12.505,84.27,75,91,8.77
65,Mackay,AU,2021-06-06 16:51:02,-21.15,149.2,57.18,88,100,8.05
66,Cabo San Lucas,MX,2021-06-06 16:49:48,22.8909,-109.9124,100.81,52,45,6.96
67,Tukan,RU,2021-06-06 16:51:02,53.8409,57.4552,52.63,75,36,1.45
68,New Norfolk,AU,2021-06-06 16:51:02,-42.7826,147.0587,50.76,86,100,1.01
69,East London,ZA,2021-06-06 16:51:03,-33.0153,27.9116,63.54,51,0,6.91
70,Labuan,MY,2021-06-06 16:51:03,5.2767,115.2417,80.96,94,20,0.0
71,Hithadhoo,MV,2021-06-06 16:51:04,-0.6,73.0833,83.44,71,86,12.35
72,El Alto,PE,2021-06-06 16:51:04,-4.2714,-81.2147,73.06,70,99,14.92
73,Ponta Delgada,PT,2021-06-06 16:51:04,37.7333,-25.6667,68.72,77,40,14.97
74,Aksarka,RU,2021-06-06 16:51:05,66.5606,67.7975,40.59,52,71,9.93
75,Isangel,VU,2021-06-06 16:51:05,-19.55,169.2667,71.47,67,86,12.57
76,Puerto Quijarro,BO,2021-06-06 16:51:06,-17.7833,-57.7667,96.58,25,52,6.29
77,Chokurdakh,RU,2021-06-06 16:51:06,70.6333,147.9167,34.63,87,100,7.7
78,Kenai,US,2021-06-06 16:51:06,60.5544,-151.2583,55.49,66,1,4.61
79,Bunia,CD,2021-06-06 16:51:07,1.5667,30.25,64.4,95,77,5.59
80,Khatanga,RU,2021-06-06 16:51:07,71.9667,102.5,32.95,88,98,4.92
81,Port-Gentil,GA,2021-06-06 16:51:07,-0.7193,8.7815,82.36,78,40,12.66
82,Jamestown,US,2021-06-06 16:51:08,42.097,-79.2353,84.29,48,1,5.01
83,Hobart,AU,2021-06-06 16:51:08,-42.8794,147.3294,51.12,89,99,7.81
84,Saint George,US,2021-06-06 16:49:42,37.1041,-113.5841,95.79,13,1,1.99
85,Yumen,CN,2021-06-06 16:51:08,40.2833,97.2,65.64,27,12,9.46
86,Raga,SS,2021-06-06 16:51:09,8.4596,25.678,77.09,71,69,3.36
87,Ilulissat,GL,2021-06-06 16:51:09,69.2167,-51.1,40.64,71,52,4.59
88,Mar Del Plata,AR,2021-06-06 16:47:47,-38.0023,-57.5575,57.99,62,20,1.99
89,Guerrero Negro,MX,2021-06-06 16:51:10,27.9769,-114.0611,69.87,59,70,7.07
90,Temecula,US,2021-06-06 16:49:22,33.4936,-117.1484,75.63,68,90,4.0
91,Chuy,UY,2021-06-06 16:50:02,-33.6971,-53.4616,58.3,62,100,7.36
92,Codrington,AU,2021-06-06 16:51:11,-38.2667,141.9667,55.9,70,100,17.36
93,Kapaa,US,2021-06-06 16:49:50,22.0752,-159.319,76.12,82,75,1.99
94,Pimentel,PE,2021-06-06 16:51:11,-6.8367,-79.9342,70.09,83,90,1.99
95,Hermanus,ZA,2021-06-06 16:51:12,-34.4187,19.2345,64.44,47,8,8.63
96,Camocim,BR,2021-06-06 16:51:12,-2.9022,-40.8411,87.75,55,15,4.7
97,Saskylakh,RU,2021-06-06 16:51:12,71.9167,114.0833,36.66,69,97,5.1
98,Geraldton,AU,2021-06-06 16:51:13,-28.7667,114.6,53.13,87,80,11.01
99,Mataura,NZ,2021-06-06 16:51:13,-46.1927,168.8643,42.55,90,95,2.46
100,Romitan,UZ,2021-06-06 16:51:14,39.9343,64.3814,94.95,24,0,8.52
101,Beringovskiy,RU,2021-06-06 16:51:14,63.05,179.3167,35.76,98,100,5.17
102,Barrow,US,2021-06-06 16:51:14,71.2906,-156.7887,30.22,93,90,13.8
103,Sur,OM,2021-06-06 16:51:15,22.5667,59.5289,85.71,75,0,14.23
104,Alofi,NU,2021-06-06 16:51:15,-19.0595,-169.9187,62.49,94,87,1.14
105,Thompson,CA,2021-06-06 16:51:15,55.7435,-97.8558,57.36,88,90,0.0
106,Kahului,US,2021-06-06 16:49:59,20.8947,-156.47,75.85,77,20,10.36
107,Faanui,PF,2021-06-06 16:51:16,-16.4833,-151.75,80.56,73,1,11.27
108,Butaritari,KI,2021-06-06 16:51:16,3.0707,172.7902,81.88,74,8,7.72
109,Nanortalik,GL,2021-06-06 16:51:16,60.1432,-45.2371,45.84,67,100,11.79
110,Upernavik,GL,2021-06-06 16:51:17,72.7868,-56.1549,37.08,83,14,3.74
111,Heidenau,DE,2021-06-06 16:51:17,50.9722,13.8674,78.15,42,0,5.37
112,Abha,SA,2021-06-06 16:51:17,18.2164,42.5053,76.82,57,20,4.7
113,Hasaki,JP,2021-06-06 16:51:18,35.7333,140.8333,66.49,89,100,4.56
114,Bodmin,GB,2021-06-06 16:51:18,50.4715,-4.7243,65.44,77,20,5.3
115,Zhangye,CN,2021-06-06 16:51:19,38.9342,100.4517,66.09,41,77,3.04
116,Songjianghe,CN,2021-06-06 16:51:19,42.1859,127.479,47.52,97,35,3.47
117,Arraial Do Cabo,BR,2021-06-06 16:51:19,-22.9661,-42.0278,84.16,58,0,10.36
118,Qasigiannguit,GL,2021-06-06 16:51:20,68.8193,-51.1922,38.39,83,82,4.54
119,Ternate,ID,2021-06-06 16:51:20,0.8,127.4,80.73,78,100,1.59
120,Libertador General San Martin,AR,2021-06-06 16:51:20,-23.8064,-64.7876,65.97,95,100,2.66
121,Piranshahr,IR,2021-06-06 16:51:21,36.701,45.1413,61.68,30,0,8.46
122,Santa Pola,ES,2021-06-06 16:51:21,38.1917,-0.5658,82.92,71,20,5.99
123,Vila Velha,BR,2021-06-06 16:50:03,-20.3297,-40.2925,78.94,75,40,8.99
124,Doha,QA,2021-06-06 16:49:21,25.2867,51.5333,97.11,79,20,4.61
125,Chapais,CA,2021-06-06 16:47:45,49.7834,-74.8492,67.78,38,45,7.92
126,Tecoanapa,MX,2021-06-06 16:51:22,16.5167,-98.75,86.72,66,100,5.99
127,Trairi,BR,2021-06-06 16:51:22,-3.2778,-39.2689,87.69,55,45,10.09
128,Vostochnyy,RU,2021-06-06 16:51:22,55.8167,37.8667,66.38,86,99,5.14
129,Kieta,PG,2021-06-06 16:51:23,-6.2167,155.6333,78.06,86,23,5.17
130,Margate,GB,2021-06-06 16:51:23,51.3813,1.3862,69.96,81,45,7.76
131,Namatanai,PG,2021-06-06 16:51:23,-3.6667,152.4333,78.98,84,100,5.28
132,Avarua,CK,2021-06-06 16:48:49,-21.2078,-159.775,68.05,83,40,3.44
133,Nanuque,BR,2021-06-06 16:51:24,-17.8392,-40.3539,78.42,67,69,10.2
134,College,US,2021-06-06 16:51:24,64.8569,-147.8028,59.09,63,40,4.61
135,Papara,BR,2021-06-06 16:51:25,-3.9839,-38.7273,86.4,57,48,6.26
136,Chaihe,CN,2021-06-06 16:51:25,44.7667,129.7,50.22,92,8,2.21
137,Badvel,IN,2021-06-06 16:51:25,14.75,79.05,87.42,57,60,1.32
138,Saint-Pierre,RE,2021-06-06 16:51:26,-21.3393,55.4781,73.08,80,75,6.91
139,Itoman,JP,2021-06-06 16:51:26,26.1247,127.6694,79.57,92,75,6.91
140,Altay,CN,2021-06-06 16:51:27,47.8667,88.1167,53.76,37,2,4.99
141,Warrington,GB,2021-06-06 16:51:27,53.3925,-2.5802,71.13,56,20,1.99
142,Komsomolskoye,RU,2021-06-06 16:51:27,55.2567,47.5461,62.51,81,35,4.7
143,Bubaque,GW,2021-06-06 16:51:28,11.2833,-15.8333,80.11,82,7,11.95
144,Provideniya,RU,2021-06-06 16:51:28,64.3833,-173.3,37.51,67,13,4.99
145,Erzin,TR,2021-06-06 16:51:28,36.9559,36.2,79.32,68,0,8.5
146,Te Anau,NZ,2021-06-06 16:51:29,-45.4167,167.7167,36.37,93,21,1.1
147,Aklavik,CA,2021-06-06 16:51:29,68.2191,-135.0107,34.63,80,75,5.75
148,Priladozhskiy,RU,2021-06-06 16:51:29,59.85,31.4833,71.26,65,9,5.01
149,Port Hedland,AU,2021-06-06 16:51:30,-20.3167,118.5667,71.65,68,40,4.61
150,Hilo,US,2021-06-06 16:49:25,19.7297,-155.09,73.27,81,90,5.75
151,Hami,CN,2021-06-06 16:51:30,42.8,93.45,70.48,13,22,15.55
152,Narsaq,GL,2021-06-06 16:51:30,60.9167,-46.05,47.21,64,100,3.33
153,Avera,US,2021-06-06 16:51:31,33.194,-82.5271,88.92,43,87,4.68
154,Pangody,RU,2021-06-06 16:51:31,65.85,74.4859,38.5,61,79,9.73
155,Isla Mujeres,MX,2021-06-06 16:50:02,21.2311,-86.731,84.16,72,99,12.88
156,Wicklow,IE,2021-06-06 16:51:32,53.0,-6.4167,58.59,74,92,2.39
157,Albuquerque,US,2021-06-06 16:47:34,35.0845,-106.6511,90.63,26,40,1.99
158,Grand Gaube,MU,2021-06-06 16:51:32,-20.0064,57.6608,73.8,83,43,1.01
159,Kruisfontein,ZA,2021-06-06 16:51:32,-34.0033,24.7314,63.88,20,0,6.55
160,Taganak,PH,2021-06-06 16:51:33,6.0833,118.3,78.94,72,99,5.53
161,Yambio,SS,2021-06-06 16:51:33,4.5721,28.3955,70.39,94,28,4.76
162,Coihaique,CL,2021-06-06 16:51:33,-45.5752,-72.0662,45.21,76,75,8.05
163,Zigong,CN,2021-06-06 16:51:34,29.3416,104.7769,78.48,61,86,3.76
164,Road Town,VG,2021-06-06 16:51:34,18.4167,-64.6167,84.29,78,40,11.5
165,Namibe,AO,2021-06-06 16:51:34,-15.1961,12.1522,79.43,73,0,11.5
166,Castro,BR,2021-06-06 16:51:35,-24.7911,-50.0119,74.88,43,93,6.64
167,Hvolsvollur,IS,2021-06-06 16:51:35,63.7533,-20.2243,48.87,80,100,8.34
168,Naze,JP,2021-06-06 16:51:35,28.3667,129.4833,68.47,92,100,2.57
169,Srednekolymsk,RU,2021-06-06 16:51:36,67.45,153.6833,59.13,50,42,7.54
170,Muros,ES,2021-06-06 16:51:36,42.7762,-9.0603,78.67,57,66,14.72
171,Iberia,US,2021-06-06 16:51:36,29.9502,-91.7507,87.98,89,90,15.12
172,Broome,US,2021-06-06 16:51:37,42.2506,-75.833,87.46,49,40,3.0
173,Saint Anthony,US,2021-06-06 16:51:37,45.0205,-93.218,87.1,46,1,7.0
174,Yining,CN,2021-06-06 16:51:37,29.0361,114.5636,69.35,85,95,2.46
175,Balakhninskiy,RU,2021-06-06 16:51:38,58.0106,114.2769,46.47,95,100,5.55
176,Puerto Escondido,MX,2021-06-06 16:51:38,15.85,-97.0667,88.23,64,84,5.7
177,Ukiah,US,2021-06-06 16:51:38,39.1502,-123.2078,83.12,39,1,4.61
178,Ojinaga,MX,2021-06-06 16:51:39,29.5667,-104.4167,96.57,12,1,10.36
179,Husavik,IS,2021-06-06 16:51:39,66.0449,-17.3389,60.71,62,68,10.13
180,Otautau,NZ,2021-06-06 16:51:40,-46.15,168.0,39.83,95,59,1.48
181,Gat,IL,2021-06-06 16:51:40,31.61,34.7642,76.82,50,0,8.72
182,Touros,BR,2021-06-06 16:51:40,-5.1989,-35.4608,76.1,71,41,14.76
183,Cienfuegos,CU,2021-06-06 16:51:41,22.1461,-80.4356,90.23,54,71,10.89
184,Whitianga,NZ,2021-06-06 16:51:41,-36.8333,175.7,57.02,90,100,18.3
185,Segovia,ES,2021-06-06 16:51:41,41.1667,-4.0,79.99,37,10,9.62
186,Port Lincoln,AU,2021-06-06 16:51:42,-34.7333,135.8667,59.18,56,70,18.39
187,Leshukonskoye,RU,2021-06-06 16:51:42,64.8989,45.7622,50.72,38,16,11.7
188,Betare Oya,CM,2021-06-06 16:51:42,5.6,14.0833,72.61,90,82,3.6
189,Georgetown,MY,2021-06-06 16:50:06,5.4112,100.3354,81.95,87,20,2.3
190,Matagami,CA,2021-06-06 16:51:43,49.7502,-77.6328,69.91,60,1,7.11
191,Airai,TL,2021-06-06 16:51:43,-8.9266,125.4092,55.99,87,98,2.73
192,Xuddur,SO,2021-06-06 16:51:44,4.1213,43.8894,84.47,39,97,9.82
193,Manono,CD,2021-06-06 16:51:44,-7.3,27.4167,80.06,45,100,7.34
194,Zhanakorgan,KZ,2021-06-06 16:51:44,43.9098,67.2495,84.42,31,29,8.68
195,Belmonte,BR,2021-06-06 16:51:45,-15.8631,-38.8828,84.2,66,30,9.17
196,Komsomolskiy,UZ,2021-06-06 16:51:45,40.4272,71.7189,89.02,29,56,6.91
197,Russell,US,2021-06-06 16:51:45,32.3502,-85.1999,85.71,65,75,3.04
198,Mporokoso,ZM,2021-06-06 16:51:46,-9.3727,30.125,63.57,64,99,9.35
199,Ngama,TD,2021-06-06 16:51:46,11.7833,17.1667,98.08,24,76,4.61
200,Norman Wells,CA,2021-06-06 16:50:36,65.282,-126.8329,44.64,87,90,12.66
201,Bestobe,KZ,2021-06-06 16:51:47,52.4994,73.0975,61.63,39,1,3.65
202,Anderson Mill,US,2021-06-06 16:51:47,30.4549,-97.8058,83.46,78,90,3.0
203,Ambulu,ID,2021-06-06 16:51:47,-8.345,113.6058,76.08,91,78,1.23
204,Vestmannaeyjar,IS,2021-06-06 16:51:48,63.4427,-20.2734,49.19,93,75,11.5
205,Hay River,CA,2021-06-06 16:51:48,60.8156,-115.7999,40.98,75,75,14.97
206,Markova,UA,2021-06-06 16:51:48,48.6758,24.4138,67.59,87,10,5.01
207,Aksu,CN,2021-06-06 16:51:49,41.1231,80.2644,82.4,18,100,9.22
208,Conde,BR,2021-06-06 16:51:49,-7.2597,-34.9075,80.06,100,75,14.52
209,Boyuibe,BO,2021-06-06 16:51:50,-20.4167,-63.2833,75.11,53,89,2.3
210,Kovdor,RU,2021-06-06 16:51:50,67.5662,30.4758,58.19,31,7,8.59
211,Atasu,KZ,2021-06-06 16:51:50,48.6814,71.6433,62.49,31,88,9.69
212,Rocha,UY,2021-06-06 16:51:51,-34.4833,-54.3333,57.02,64,2,8.43
213,Tiksi,RU,2021-06-06 16:51:51,71.6872,128.8694,42.17,69,88,7.38
214,Petropavlovsk-Kamchatskiy,RU,2021-06-06 16:51:51,53.0452,158.6483,41.59,100,90,2.3
215,Uyovu,TZ,2021-06-06 16:51:52,-3.2833,31.5258,71.17,58,97,2.37
216,Moranbah,AU,2021-06-06 16:51:52,-22.0016,148.0466,51.35,71,26,9.01
217,Havelock,US,2021-06-06 16:49:09,34.8791,-76.9013,86.02,75,40,5.01
218,Meulaboh,ID,2021-06-06 16:51:52,4.1363,96.1285,76.21,87,100,4.43
219,Cayenne,GF,2021-06-06 16:51:53,4.9333,-52.3333,84.09,77,75,3.0
220,Ames,US,2021-06-06 16:51:53,42.0347,-93.6199,84.45,55,1,13.8
221,Port Elizabeth,ZA,2021-06-06 16:51:54,-33.918,25.5701,66.09,59,0,4.61
222,Yurty,RU,2021-06-06 16:51:54,56.0498,97.6348,46.78,86,35,9.93
223,Kathu,TH,2021-06-06 16:51:54,7.9178,98.3332,88.63,68,84,14.85
224,Kloulklubed,PW,2021-06-06 16:51:54,7.0419,134.2556,82.33,77,99,7.07
225,Bethel,US,2021-06-06 16:51:55,41.3712,-73.414,92.91,48,1,1.99
226,Tumaco,CO,2021-06-06 16:51:55,1.7986,-78.8156,78.44,88,100,8.46
227,Guanare,VE,2021-06-06 16:51:56,9.0418,-69.7421,78.82,94,100,5.75
228,Miura,JP,2021-06-06 16:51:56,35.14,139.6192,71.98,94,99,8.75
229,Borovoy,RU,2021-06-06 16:51:56,55.4333,86.0833,56.48,94,40,6.38
230,Gambela,ET,2021-06-06 16:51:57,8.25,34.5833,75.72,85,67,0.11
231,Tuzha,RU,2021-06-06 16:51:57,57.6062,47.936,62.33,67,24,2.53
232,Cabinda,AO,2021-06-06 16:51:57,-5.55,12.2,82.54,78,0,6.91
233,Hovd,MN,2021-06-06 16:51:58,48.0056,91.6419,49.24,36,10,6.73
234,Shieli,KZ,2021-06-06 16:51:58,44.1667,66.75,86.05,26,26,11.21
235,Oranjemund,NA,2021-06-06 16:51:58,-28.55,16.4333,66.54,37,0,1.97
236,Dumas,US,2021-06-06 16:51:59,35.8656,-101.9732,78.04,60,1,9.22
237,Vila Franca Do Campo,PT,2021-06-06 16:51:59,37.7167,-25.4333,68.41,79,99,4.9
238,Cap Malheureux,MU,2021-06-06 16:51:59,-19.9842,57.6142,73.89,83,49,1.01
239,Esmeralda,CU,2021-06-06 16:52:00,21.8525,-78.1169,85.8,66,89,14.81
240,Victoria,HK,2021-06-06 16:49:12,22.2855,114.1577,82.45,84,16,1.01
241,Mbini,GQ,2021-06-06 16:52:00,1.574,9.6134,82.24,87,100,5.93
242,Ygatimi,PY,2021-06-06 16:52:01,-24.0833,-55.5,77.68,40,99,5.08
243,Uzyn,UA,2021-06-06 16:52:01,49.8262,30.4149,67.15,84,94,6.29
244,Raiganj,IN,2021-06-06 16:52:01,25.6167,88.1167,89.1,59,59,9.4
245,Yulara,AU,2021-06-06 16:52:02,-25.2406,130.9889,49.84,53,0,4.61
246,Bathsheba,BB,2021-06-06 16:52:02,13.2167,-59.5167,88.41,51,20,19.24
247,Launceston,AU,2021-06-06 16:52:03,-41.45,147.1667,55.15,95,75,5.99
248,Berlevag,NO,2021-06-06 16:52:03,70.8578,29.0864,42.8,70,7,6.91
249,Coquimbo,CL,2021-06-06 16:52:04,-29.9533,-71.3436,56.93,82,90,3.29
250,Half Moon Bay,US,2021-06-06 16:51:15,37.4636,-122.4286,71.06,64,20,1.01
251,Atar,MR,2021-06-06 16:52:04,20.5169,-13.0499,107.64,11,6,18.79
252,Bredasdorp,ZA,2021-06-06 16:51:35,-34.5322,20.0403,63.72,36,10,6.55
253,Dom Pedro,BR,2021-06-06 16:52:05,-4.4833,-44.45,91.38,39,6,4.45
254,Tafresh,IR,2021-06-06 16:52:05,34.692,50.013,77.18,11,0,23.0
255,Chik,RU,2021-06-06 16:52:05,54.9928,82.4311,64.15,55,0,10.74
256,Lucapa,AO,2021-06-06 16:52:06,-8.4192,20.7447,74.95,38,45,2.53
257,Ambilobe,MG,2021-06-06 16:52:06,-13.2,49.05,72.39,89,67,3.94
258,Yinchuan,CN,2021-06-06 16:52:06,38.4681,106.2731,74.08,38,95,11.79
259,Mikhaylovka,RU,2021-06-06 16:52:07,50.06,43.2379,61.93,81,69,5.26
260,Ancud,CL,2021-06-06 16:52:07,-41.8697,-73.8203,50.43,77,100,11.05
261,Mimongo,GA,2021-06-06 16:52:07,-1.6195,11.6068,73.11,92,59,1.28
262,Sibolga,ID,2021-06-06 16:52:08,1.7427,98.7792,76.08,80,7,3.67
263,Mozarlandia,BR,2021-06-06 16:52:08,-14.7447,-50.5706,92.41,28,91,4.65
264,Alakurtti,RU,2021-06-06 16:52:08,66.9672,30.3491,64.63,28,8,7.83
265,Kiunga,PG,2021-06-06 16:52:09,-6.1219,141.2906,73.08,100,98,1.16
266,Concepcion Del Uruguay,AR,2021-06-06 16:51:00,-32.4825,-58.2372,58.98,55,1,4.0
267,Korla,CN,2021-06-06 16:52:09,41.7597,86.1469,75.27,37,80,17.16
268,Acarau,BR,2021-06-06 16:52:10,-2.8856,-40.12,84.96,66,31,8.19
269,Rockhampton,AU,2021-06-06 16:52:10,-23.3833,150.5,48.09,81,14,0.0
270,Luderitz,NA,2021-06-06 16:52:11,-26.6481,15.1594,64.62,43,0,2.35
271,Sitka,US,2021-06-06 16:52:11,57.0531,-135.33,49.89,81,90,3.44
272,Anadyr,RU,2021-06-06 16:52:11,64.75,177.4833,43.3,65,20,5.99
273,Ocara,BR,2021-06-06 16:52:12,-4.4908,-38.5967,83.48,62,69,3.65
274,Zhigansk,RU,2021-06-06 16:52:12,66.7697,123.3711,46.99,43,49,8.84
275,Olafsvik,IS,2021-06-06 16:52:12,64.8945,-23.7142,47.53,87,99,6.24
276,Yako,BF,2021-06-06 16:52:13,12.9667,-2.2667,104.99,18,12,13.4
277,Torbay,CA,2021-06-06 16:52:13,47.6666,-52.7314,58.87,94,90,12.66
278,Saint-Philippe,RE,2021-06-06 16:52:13,-21.3585,55.7679,72.99,84,77,13.4
279,Calabozo,VE,2021-06-06 16:52:13,8.9242,-67.4293,81.75,67,95,9.78
280,Weihe,CN,2021-06-06 16:52:14,32.9952,105.3247,61.48,73,99,2.86
281,Belaya Gora,RU,2021-06-06 16:52:14,68.5333,146.4167,37.45,93,100,8.34
282,Altus,US,2021-06-06 16:52:14,34.6381,-99.334,80.67,64,75,11.5
283,Bambous Virieux,MU,2021-06-06 16:52:15,-20.3428,57.7575,73.65,88,20,8.93
284,Kirakira,SB,2021-06-06 16:52:15,-10.4544,161.9205,79.47,84,47,8.61
285,Caravelas,BR,2021-06-06 16:52:16,-17.7125,-39.2481,80.15,64,17,7.36
286,Praia,CV,2021-06-06 16:52:16,14.9215,-23.5087,82.94,54,0,24.16
287,Goderich,CA,2021-06-06 16:50:22,43.7501,-81.7165,86.04,53,86,13.8
288,Nome,US,2021-06-06 16:52:16,64.5011,-165.4064,36.16,93,90,8.05
289,Carnarvon,AU,2021-06-06 16:52:17,-24.8667,113.6333,62.67,77,40,9.22
290,Auki,SB,2021-06-06 16:52:17,-8.7676,160.7034,77.02,86,3,3.27
291,Necochea,AR,2021-06-06 16:52:17,-38.5473,-58.7368,57.04,51,51,2.06
292,Jintur,IN,2021-06-06 16:52:18,19.6167,76.7,86.74,56,92,8.23
293,Esna,EG,2021-06-06 16:52:18,25.2934,32.554,96.82,9,0,10.92
294,Laguna,US,2021-06-06 16:52:19,38.421,-121.4238,84.04,50,1,3.0
295,Grootfontein,NA,2021-06-06 16:52:19,-19.5667,18.1167,63.97,32,0,5.75
296,Salinopolis,BR,2021-06-06 16:52:19,-0.6136,-47.3561,84.6,68,18,7.18
297,Makakilo City,US,2021-06-06 16:52:20,21.3469,-158.0858,74.68,77,1,0.0
298,Lebyazhye,RU,2021-06-06 16:52:20,55.2689,66.4947,60.12,49,3,6.62
299,Falkenberg,SE,2021-06-06 16:52:20,56.9055,12.4912,73.54,56,7,7.76
300,Aripuana,BR,2021-06-06 16:52:21,-9.1667,-60.6333,91.2,45,90,4.47
301,Lorengau,PG,2021-06-06 16:52:21,-2.0226,147.2712,79.61,83,99,10.87
302,Itapuranga,BR,2021-06-06 16:52:21,-15.5622,-49.9486,87.48,32,82,4.05
303,San Quintin,MX,2021-06-06 16:52:22,30.4833,-115.95,73.44,66,98,5.3
304,Hailin,CN,2021-06-06 16:52:22,44.5833,129.4167,51.17,92,5,1.5
305,Brainerd,US,2021-06-06 16:52:22,46.358,-94.2008,86.29,55,14,19.51
306,Manicore,BR,2021-06-06 16:52:23,-5.8092,-61.3003,93.63,43,97,3.2
307,Udachnyy,RU,2021-06-06 16:52:23,66.4167,112.4,47.73,54,94,12.41
308,Luyang,CN,2021-06-06 16:52:23,27.6239,110.0989,73.11,79,92,1.95
309,San Patricio,US,2021-06-06 16:52:24,28.017,-97.5169,88.21,64,2,15.39
310,Beloha,MG,2021-06-06 16:52:24,-25.1667,45.05,63.63,69,78,14.7
311,Rawson,AR,2021-06-06 16:52:25,-43.3002,-65.1023,53.67,42,74,21.9
312,Pangnirtung,CA,2021-06-06 16:52:25,66.1451,-65.7125,42.8,45,75,9.22
313,Sola,VU,2021-06-06 16:52:25,-13.8833,167.55,79.43,77,34,13.82
314,Lopatino,RU,2021-06-06 16:52:26,52.6195,45.8118,59.07,90,55,5.1
315,Samur,RU,2021-06-06 16:52:26,41.8253,48.486,65.84,77,50,6.06
316,Talnakh,RU,2021-06-06 16:50:00,69.4865,88.3972,30.42,99,100,4.07
317,Okha,RU,2021-06-06 16:52:26,53.5739,142.9478,35.13,98,100,14.0
318,Lannion,FR,2021-06-06 16:52:27,48.75,-3.4167,64.94,88,90,5.75
319,Lahij,YE,2021-06-06 16:52:27,13.1667,44.5833,92.55,35,9,4.23
320,Alghero,IT,2021-06-06 16:52:27,40.5589,8.3181,73.49,68,20,5.75
321,Japura,ID,2021-06-06 16:52:28,-0.3167,102.35,75.69,89,82,0.94
322,Benguela,AO,2021-06-06 16:52:28,-12.5763,13.4055,76.71,67,75,3.09
323,Tuatapere,NZ,2021-06-06 16:52:28,-46.1333,167.6833,41.56,87,49,3.69
324,Carutapera,BR,2021-06-06 16:52:29,-1.195,-46.02,84.15,71,23,3.67
325,Camacha,PT,2021-06-06 16:52:29,33.0833,-16.3333,66.96,68,40,17.27
326,Port-Louis,MU,2021-06-06 16:49:27,-20.1619,57.4989,73.85,83,43,4.74
327,Linxia,CN,2021-06-06 16:52:30,35.6003,103.2064,58.06,63,84,3.85
328,Nampa,US,2021-06-06 16:49:39,43.5407,-116.5635,65.1,43,1,0.0
329,Bulgan,MN,2021-06-06 16:50:17,48.8125,103.5347,38.44,94,100,7.43
330,Gayny,RU,2021-06-06 16:52:30,60.3071,54.3241,64.29,57,73,0.96
331,Clinton,US,2021-06-06 16:47:32,42.587,-82.9199,89.89,44,20,1.01
332,Klaksvik,FO,2021-06-06 16:52:31,62.2266,-6.589,49.12,95,100,19.64
333,Marsh Harbour,BS,2021-06-06 16:52:31,26.5412,-77.0636,80.62,74,93,16.69
334,Abu Dhabi,AE,2021-06-06 16:51:10,24.4667,54.3667,95.11,70,0,11.86
335,Manbij,SY,2021-06-06 16:52:32,36.5281,37.9549,81.37,25,0,15.57
336,Birao,CF,2021-06-06 16:52:32,10.2849,22.7882,85.68,52,42,5.75
337,Severo-Kurilsk,RU,2021-06-06 16:52:32,50.6789,156.125,40.42,95,92,10.98
338,Malakal,SS,2021-06-06 16:52:33,9.5334,31.6605,79.21,65,83,8.14
339,Kavieng,PG,2021-06-06 16:52:33,-2.5744,150.7967,81.59,74,93,2.57
340,Alekseyevsk,RU,2021-06-06 16:52:33,57.8406,108.3492,42.35,97,73,5.3
341,Powell River,CA,2021-06-06 16:52:34,49.8496,-124.5361,55.4,81,100,10.04
342,Vostok,RU,2021-06-06 16:52:34,46.4856,135.8833,44.37,95,88,3.4
343,Urumqi,CN,2021-06-06 16:52:34,43.801,87.6005,63.55,39,0,3.47
344,Ponta Do Sol,PT,2021-06-06 16:52:35,32.6667,-17.1,72.72,69,0,2.73
345,Uyemskiy,RU,2021-06-06 16:52:35,64.4743,40.8524,57.25,47,40,10.69
346,Antofagasta,CL,2021-06-06 16:52:35,-23.65,-70.4,61.88,70,2,8.5
347,Faya,SA,2021-06-06 16:52:36,18.3851,42.4509,77.11,53,22,6.6
348,Inhambane,MZ,2021-06-06 16:52:36,-23.865,35.3833,66.18,77,20,0.0
349,Gazojak,TM,2021-06-06 16:52:36,41.1875,61.4036,95.47,18,2,15.12
350,Medea,DZ,2021-06-06 16:51:04,36.2642,2.7539,64.85,65,23,7.47
351,Nuuk,GL,2021-06-06 16:52:37,64.1835,-51.7216,43.88,87,100,13.0
352,Egvekinot,RU,2021-06-06 16:52:37,66.3167,-179.1667,32.34,81,24,2.42
353,Roma,US,2021-06-06 16:52:22,43.2128,-75.4557,87.94,45,68,1.01
354,Sao Filipe,CV,2021-06-06 16:52:38,14.8961,-24.4956,77.05,65,71,10.25
355,Gushikawa,JP,2021-06-06 16:52:38,26.3544,127.8686,78.8,88,1,10.98
356,Dickinson,US,2021-06-06 16:52:38,29.4608,-95.0513,89.19,73,40,1.99
357,Taltal,CL,2021-06-06 16:52:39,-25.4,-70.4833,64.18,72,0,5.77
358,Sabang,ID,2021-06-06 16:52:39,5.8933,95.3214,83.28,73,100,22.66
359,Itapirapua,BR,2021-06-06 16:52:40,-15.8233,-50.6133,91.26,30,84,2.24
360,Moose Factory,CA,2021-06-06 16:52:40,51.2585,-80.6094,68.0,56,1,5.75
361,Canton,CN,2021-06-06 16:52:40,23.1167,113.25,82.87,64,77,6.89
362,Leningradskiy,RU,2021-06-06 16:52:41,69.3833,178.4167,34.63,90,88,11.41
363,Freudenstadt,DE,2021-06-06 16:52:41,48.4333,8.4167,59.23,97,100,2.24
364,Ulladulla,AU,2021-06-06 16:52:42,-35.35,150.4667,52.88,81,16,4.85
365,Osakarovka,KZ,2021-06-06 16:52:42,50.565,72.5692,58.21,45,98,7.05
366,Ahraura,IN,2021-06-06 16:52:42,25.0167,83.0167,91.24,31,5,4.43
367,Poum,NC,2021-06-06 16:52:43,-20.2333,164.0167,72.52,60,95,18.43
368,Ballangen,NO,2021-06-06 16:52:43,68.3428,16.8315,68.2,27,0,2.48
369,Walvis Bay,NA,2021-06-06 16:49:43,-22.9575,14.5053,86.95,16,1,5.44
370,Buin,CL,2021-06-06 16:52:43,-33.7333,-70.75,67.05,43,92,4.16
371,Nosy Varika,MG,2021-06-06 16:52:44,-20.5833,48.5333,69.1,70,81,10.83
372,Winsum,NL,2021-06-06 16:52:44,53.33,6.5208,64.98,86,42,11.59
373,Contamana,PE,2021-06-06 16:52:44,-7.3333,-75.0167,84.63,75,44,2.53
374,Sept-Iles,CA,2021-06-06 16:52:45,50.2001,-66.3821,61.32,36,75,13.8
375,Constitucion,CL,2021-06-06 16:52:45,-35.3333,-72.4167,55.96,50,90,6.13
376,Arlit,NE,2021-06-06 16:51:18,18.7369,7.3853,107.89,7,89,20.47
377,Freeport,US,2021-06-06 16:52:13,40.6576,-73.5832,95.99,50,1,1.01
378,Belyy Yar,RU,2021-06-06 16:52:46,53.6039,91.3903,48.09,87,0,9.19
379,Kutno,PL,2021-06-06 16:48:17,52.2306,19.3641,76.01,66,65,6.51
380,Velden Am Worthersee,AT,2021-06-06 16:52:46,46.613,14.0413,69.6,91,96,2.42
381,Barinas,VE,2021-06-06 16:50:26,8.6226,-70.2075,78.49,100,100,5.75
382,Lagoa,PT,2021-06-06 16:52:47,39.05,-27.9833,64.49,89,99,14.85
383,Pevek,RU,2021-06-06 16:52:47,69.7008,170.3133,46.71,75,27,12.46
384,Governador Valadares,BR,2021-06-06 16:52:47,-18.8511,-41.9494,84.4,43,31,5.39
385,Ixtapa,MX,2021-06-06 16:52:48,20.7,-105.2,90.99,45,95,3.83
386,Chernyshevskiy,RU,2021-06-06 16:52:48,63.0128,112.4714,41.38,82,79,12.28
387,Zinacantan,MX,2021-06-06 16:52:48,16.75,-92.7,51.6,68,59,3.04
388,Ribas Do Rio Pardo,BR,2021-06-06 16:52:49,-20.4431,-53.7592,92.32,21,78,7.52
389,Jagannathpur,IN,2021-06-06 16:52:49,22.2333,85.65,86.38,51,17,6.96
390,La Macarena,CO,2021-06-06 16:52:50,2.1837,-73.7849,80.38,85,44,3.74
391,Conceicao Da Barra,BR,2021-06-06 16:52:50,-18.5933,-39.7322,78.35,71,23,5.59
392,Sobolevo,RU,2021-06-06 16:52:50,54.4299,31.8996,62.89,85,52,5.88
393,Amparafaravola,MG,2021-06-06 16:52:51,-17.5833,48.2167,60.42,89,59,6.76
394,Sitio Novo Do Tocantins,BR,2021-06-06 16:52:51,-5.5183,-47.4611,91.33,46,40,8.05
395,Ahipara,NZ,2021-06-06 16:52:51,-35.1667,173.1667,60.84,90,100,14.36
396,Nguruka,TZ,2021-06-06 16:52:52,-5.1092,31.0419,72.7,54,62,4.88
397,Itubera,BR,2021-06-06 16:52:52,-13.7322,-39.1492,76.17,93,49,6.49
398,Huaicheng,CN,2021-06-06 16:52:52,23.9051,112.1931,71.28,68,0,1.63
399,Xuanhua,CN,2021-06-06 16:52:53,40.6103,115.0447,71.1,38,100,7.07
400,Riyadh,SA,2021-06-06 16:49:22,24.6877,46.7219,109.45,6,0,8.05
401,Dingle,PH,2021-06-06 16:52:53,10.9995,122.6711,76.82,85,100,2.19
402,Cherskiy,RU,2021-06-06 16:52:54,68.75,161.3,59.67,50,50,14.74
403,Labuhan,ID,2021-06-06 16:52:54,-6.8844,112.2051,79.88,81,58,3.65
404,Hauterive,FR,2021-06-06 16:52:54,46.0901,3.4459,64.18,91,94,5.26
405,Havoysund,NO,2021-06-06 16:52:55,70.9963,24.6622,45.48,65,4,4.47
406,Jinji,CN,2021-06-06 16:52:55,23.2281,110.8261,73.89,67,0,1.34
407,Cherlak,RU,2021-06-06 16:52:55,54.155,74.8055,61.36,43,2,4.7
408,Longyearbyen,SJ,2021-06-06 16:52:56,78.2186,15.6401,40.84,65,0,14.97
409,Santa Maria,BR,2021-06-06 16:52:56,-29.6842,-53.8069,58.3,94,90,8.59
410,Jiexiu,CN,2021-06-06 16:52:56,37.0244,111.9125,77.74,24,100,1.72
411,Hamilton,US,2021-06-06 16:48:42,39.1834,-84.5333,82.35,78,90,1.01
412,Neuquen,AR,2021-06-06 16:48:08,-38.9516,-68.0591,53.49,50,0,2.3
413,Donskoy,RU,2021-06-06 16:52:57,53.9711,38.3363,57.69,93,93,7.9
414,Flinders,AU,2021-06-06 16:52:58,-34.5833,150.8552,53.06,82,7,1.01
415,Bac Lieu,VN,2021-06-06 16:52:58,9.285,105.7244,84.0,76,100,12.15
416,Ust-Charyshskaya Pristan,RU,2021-06-06 16:52:58,52.3934,83.6635,54.7,80,5,4.34
417,Saint-Joseph,RE,2021-06-06 16:52:59,-21.3667,55.6167,71.98,85,76,11.65
418,Cabedelo,BR,2021-06-06 16:52:59,-6.9811,-34.8339,81.27,79,23,14.81
419,Zaragoza,ES,2021-06-06 16:50:11,41.6561,-0.8773,82.54,32,0,13.0
420,Mpophomeni,ZA,2021-06-06 16:52:59,-29.5682,30.1862,52.3,68,0,4.18
421,Mundo Nuevo,MX,2021-06-06 16:53:00,18.7,-95.5,87.78,61,75,4.38
422,Ahuimanu,US,2021-06-06 16:53:00,21.4447,-157.8378,75.85,71,20,6.91
423,Hastings,GB,2021-06-06 16:49:21,50.8552,0.5729,70.18,84,75,10.11
424,Rosarito,MX,2021-06-06 16:53:01,32.3333,-117.0333,67.08,69,61,6.53
425,Jinka,ET,2021-06-06 16:53:01,5.65,36.65,67.33,68,57,3.13
426,Oranjestad,AW,2021-06-06 16:48:22,12.524,-70.027,85.95,70,40,21.85
427,Nelson Bay,AU,2021-06-06 16:53:02,-32.7167,152.15,47.95,89,1,7.11
428,Tahta,EG,2021-06-06 16:53:02,26.7693,31.5021,89.92,13,2,15.88
429,Hebi,CN,2021-06-06 16:53:02,35.8992,114.1925,84.85,30,100,4.56
430,Pisco,PE,2021-06-06 16:53:03,-13.7,-76.2167,64.02,88,90,4.61
431,Salalah,OM,2021-06-06 16:49:19,17.0151,54.0924,84.29,89,40,8.05
432,Nara,JP,2021-06-06 16:53:03,34.6851,135.8049,70.92,70,100,2.84
433,Eureka,US,2021-06-06 16:53:03,40.8021,-124.1637,61.2,75,37,5.99
434,Manali,IN,2021-06-06 16:53:04,13.1667,80.2667,87.08,83,95,11.25
435,San Juan,AR,2021-06-06 16:50:39,-31.5375,-68.5364,71.73,40,2,9.98
436,Texistepec,MX,2021-06-06 16:53:04,17.8833,-94.7833,92.86,48,57,5.44
437,Harper,LR,2021-06-06 16:53:05,4.375,-7.7169,80.98,81,83,10.38
438,Krasnoselkup,RU,2021-06-06 16:53:05,65.7,82.4667,37.45,66,96,9.24
439,Vardo,NO,2021-06-06 16:53:05,70.3705,31.1107,46.6,61,40,11.5
440,Mackenzie,CA,2021-06-06 16:53:06,55.2999,-123.1698,48.42,61,1,9.22
441,Nanakuli,US,2021-06-06 16:53:06,21.3906,-158.1547,76.1,70,21,12.75
442,Kajaani,FI,2021-06-06 16:53:06,64.2273,27.7285,66.25,68,61,6.91
443,Rey Bouba,CM,2021-06-06 16:53:07,8.6724,14.1786,90.14,42,96,2.71
444,Mehamn,NO,2021-06-06 16:53:07,71.0357,27.8492,42.75,65,20,8.05
445,Cairns,AU,2021-06-06 16:53:07,-16.9167,145.7667,69.75,84,40,5.75
446,Cap-Chat,CA,2021-06-06 16:51:51,49.1001,-66.6821,59.0,67,60,5.75
447,Crotone,IT,2021-06-06 16:53:08,39.0851,17.1178,76.93,67,92,9.26
448,Vrangel,RU,2021-06-06 16:53:08,42.7297,133.0839,55.4,82,0,6.53
449,Merauke,ID,2021-06-06 16:53:08,-8.4667,140.3333,76.17,90,100,15.1
450,Maceio,BR,2021-06-06 16:53:09,-9.6658,-35.7353,83.64,69,75,8.16
451,Quatre Cocos,MU,2021-06-06 16:53:09,-20.2078,57.7625,73.51,83,20,9.51
452,Xiongyue,CN,2021-06-06 16:53:09,40.1774,122.1228,65.98,65,61,6.17
453,High Level,CA,2021-06-06 16:53:10,58.5169,-117.136,53.71,82,75,8.23
454,Lavrentiya,RU,2021-06-06 16:53:10,65.5833,-171.0,33.17,84,96,8.32
455,Rio Grande,BR,2021-06-06 16:50:17,-32.035,-52.0986,60.91,62,100,11.65
456,Nagua,DO,2021-06-06 16:53:10,19.3832,-69.8474,86.31,74,75,11.03
457,Portland,US,2021-06-06 16:52:47,45.5234,-122.6762,56.25,77,90,1.99
458,Phangnga,TH,2021-06-06 16:53:11,8.4509,98.5298,88.83,92,90,3.04
459,Kindu,CD,2021-06-06 16:53:11,-2.95,25.95,73.96,89,100,2.91
460,Porto Nacional,BR,2021-06-06 16:51:17,-10.7081,-48.4172,87.8,31,84,6.76
461,Tabou,CI,2021-06-06 16:53:12,4.423,-7.3528,81.46,77,79,9.4
462,Soligalich,RU,2021-06-06 16:53:12,59.0778,42.2864,66.52,61,10,2.39
463,Byron Bay,AU,2021-06-06 16:53:13,-28.65,153.6167,51.87,89,11,8.19
464,Sinnamary,GF,2021-06-06 16:53:13,5.3833,-52.95,76.64,90,86,9.75
465,Elban,RU,2021-06-06 16:53:13,50.1018,136.5094,49.8,99,83,4.16
466,Vanavara,RU,2021-06-06 16:53:14,60.34,102.2797,35.44,70,1,5.14
467,Hofn,IS,2021-06-06 16:53:14,64.2539,-15.2082,51.82,87,40,13.8
468,Burnie,AU,2021-06-06 16:53:14,-41.0667,145.9167,56.05,88,100,17.63
469,Pacific Grove,US,2021-06-06 16:48:25,36.6177,-121.9166,66.25,82,90,7.0
470,Jiazi,CN,2021-06-06 16:53:15,22.8779,116.067,77.05,87,75,15.57
471,Nuevo Ideal,MX,2021-06-06 16:53:15,24.8875,-105.0728,77.43,23,0,0.65
472,Deputatskiy,RU,2021-06-06 16:53:16,69.3,139.9,33.69,84,28,2.8
473,Nouadhibou,MR,2021-06-06 16:53:16,20.931,-17.0347,76.98,57,49,16.11
474,Sandnessjoen,NO,2021-06-06 16:53:16,66.0217,12.6316,68.58,88,0,3.44
475,Svetlyy,RU,2021-06-06 16:53:17,54.675,20.1347,66.25,72,96,5.73
476,Adrar,MR,2021-06-06 16:53:17,20.5022,-10.0711,109.44,7,2,18.97
477,Hobyo,SO,2021-06-06 16:53:17,5.3505,48.5268,79.48,83,43,27.47
478,Sorland,NO,2021-06-06 16:53:18,67.667,12.6934,68.07,81,53,9.08
479,Mogadishu,SO,2021-06-06 16:53:18,2.0371,45.3438,79.38,84,97,21.79
480,Shenjiamen,CN,2021-06-06 16:53:18,29.9576,122.298,68.86,88,0,9.08
481,Chumikan,RU,2021-06-06 16:53:19,54.7183,135.315,33.24,99,80,2.73
482,Boa Vista,BR,2021-06-06 16:53:19,2.8197,-60.6733,87.78,58,75,9.22
483,Bonnyville,CA,2021-06-06 16:53:19,54.2668,-110.735,58.8,52,99,13.62
484,Umm Kaddadah,SD,2021-06-06 16:53:20,13.6017,26.6876,97.38,11,21,10.36
485,Kawalu,ID,2021-06-06 16:53:20,-7.3817,108.2082,72.84,97,89,1.57
486,Esperance,AU,2021-06-06 16:53:20,-33.8667,121.9,55.24,67,66,27.54
487,Lander,US,2021-06-06 16:53:21,42.833,-108.7307,80.11,13,95,6.73
488,Novyy Urgal,RU,2021-06-06 16:53:21,51.0736,132.5642,48.9,74,9,1.66
489,Rawatbhata,IN,2021-06-06 16:53:21,24.9333,75.5833,88.99,44,93,14.07
490,Mtambile,TZ,2021-06-06 16:53:22,-5.3833,39.7,77.88,70,11,20.2
491,Mount Gambier,AU,2021-06-06 16:48:28,-37.8333,140.7667,55.31,76,40,12.66
492,Tiznit,MA,2021-06-06 16:50:25,29.5833,-9.5,80.28,40,51,8.61
493,Vao,NC,2021-06-06 16:53:22,-22.6667,167.4833,71.01,60,80,15.57
494,Jedburgh,GB,2021-06-06 16:53:23,55.48,-2.552,64.56,73,84,1.43
495,Flin Flon,CA,2021-06-06 16:53:23,54.7682,-101.865,62.44,77,75,5.64
496,Tomatlan,MX,2021-06-06 16:53:23,19.9333,-105.25,94.26,38,85,4.74
497,Tabuk,PH,2021-06-06 16:53:24,17.4189,121.4443,77.74,88,100,1.54
498,Amsterdam,NL,2021-06-06 16:51:45,52.374,4.8897,69.91,47,0,8.99
499,Tessalit,ML,2021-06-06 16:53:24,20.1986,1.0114,105.31,9,47,2.46
500,Baoshan,CN,2021-06-06 16:50:51,46.5586,131.4244,52.07,88,40,4.43
501,Iquique,CL,2021-06-06 16:53:25,-20.2208,-70.1431,62.64,65,100,7.18
502,Barra Da Estiva,BR,2021-06-06 16:53:25,-13.6261,-41.3269,70.92,65,91,9.86
503,Hammerfest,NO,2021-06-06 16:53:26,70.6634,23.6821,45.05,70,0,10.36
504,San Julian,MX,2021-06-06 16:53:26,21.0167,-102.1667,77.2,36,88,1.95
505,Aplahoue,BJ,2021-06-06 16:53:26,6.9333,1.6833,84.58,63,88,9.33
506,Christchurch,NZ,2021-06-06 16:53:15,-43.5333,172.6333,48.99,97,75,3.0
507,Broken Hill,AU,2021-06-06 16:53:27,-31.95,141.4333,53.31,62,24,11.5
508,Alugan,PH,2021-06-06 16:53:27,12.2188,125.4808,77.45,89,99,4.45
509,Oksfjord,NO,2021-06-06 16:53:28,70.2396,22.3479,51.87,39,49,5.12
510,Manokwari,ID,2021-06-06 16:49:17,-0.8667,134.0833,78.24,81,90,3.38
511,Gordeyevka,RU,2021-06-06 16:53:28,52.9569,31.9703,61.88,88,97,6.38
512,Huntsville,US,2021-06-06 16:50:25,34.7304,-86.5861,73.54,92,90,1.99
513,Bagdarin,RU,2021-06-06 16:53:29,54.4333,113.6,57.45,83,100,2.84
514,Guerrero,MX,2021-06-06 16:53:29,17.6667,-100.0,80.28,60,82,2.98
515,Alexander City,US,2021-06-06 16:53:29,32.944,-85.9539,80.78,94,40,0.0
516,Madingou,CG,2021-06-06 16:53:30,-4.1536,13.55,82.53,63,59,2.66
517,Opuwo,NA,2021-06-06 16:53:31,-18.0607,13.84,67.28,28,0,9.44
518,Peniche,PT,2021-06-06 16:53:31,39.3558,-9.3811,74.68,74,0,17.72
519,Davidson,US,2021-06-06 16:53:31,36.1501,-86.7833,75.22,85,40,13.8
520,Bafoulabe,ML,2021-06-06 16:53:32,13.8065,-10.8321,108.66,16,0,4.43
521,Cubuk,TR,2021-06-06 16:53:32,40.2386,33.0322,69.26,21,0,6.8
522,Moshupa,BW,2021-06-06 16:53:32,-24.7782,25.4155,59.41,48,3,6.24
523,Buta,CD,2021-06-06 16:53:33,2.7858,24.73,76.35,69,41,2.98
524,Bafq,IR,2021-06-06 16:53:33,31.6128,55.4107,98.13,7,0,3.6
525,Hargeysa,SO,2021-06-06 16:53:34,9.56,44.065,77.32,47,28,23.02
526,Pemangkat,ID,2021-06-06 16:53:34,1.1667,108.9667,77.86,85,99,4.7
527,Raudeberg,NO,2021-06-06 16:53:34,61.9875,5.1352,57.96,85,40,4.45
528,Veraval,IN,2021-06-06 16:53:35,20.9,70.3667,85.35,70,7,12.24
529,Kabale,UG,2021-06-06 16:53:35,-1.2486,29.9899,57.31,94,73,4.05
530,Bonavista,CA,2021-06-06 16:53:35,48.6499,-53.1147,53.6,85,100,24.27
531,Natal,BR,2021-06-06 16:51:16,-5.795,-35.2094,82.62,69,75,11.59
532,Kakching,IN,2021-06-06 16:53:36,24.4833,93.9833,70.59,93,95,1.99
533,Kutum,SD,2021-06-06 16:53:36,14.2,24.6667,88.32,13,7,9.62
534,Itaituba,BR,2021-06-06 16:53:37,-4.2761,-55.9836,95.31,37,92,4.05
535,Lyuban,BY,2021-06-06 16:53:37,52.7985,28.0048,64.71,75,84,9.95
536,Hakkari,TR,2021-06-06 16:53:37,37.5833,44.1667,53.6,37,0,6.4
537,San Roque,ES,2021-06-06 16:53:38,36.2107,-5.3842,74.21,83,20,8.05
538,Pitimbu,BR,2021-06-06 16:53:38,-7.4706,-34.8086,81.19,74,35,14.12
539,Ouro Branco,BR,2021-06-06 16:53:38,-20.5208,-43.6919,73.78,51,83,2.17
540,Sawtell,AU,2021-06-06 16:53:39,-30.3833,153.1,45.19,99,0,4.61
541,Lata,PT,2021-06-06 16:53:39,40.1629,-8.3327,83.05,42,0,8.34
542,Taunggyi,MM,2021-06-06 16:53:39,20.7833,97.0333,65.39,92,29,2.59
543,Bandarbeyla,SO,2021-06-06 16:53:40,9.4942,50.8122,81.09,79,3,29.26
544,Phalodi,IN,2021-06-06 16:53:40,27.1333,72.3667,94.03,34,57,21.68
545,Yandyki,RU,2021-06-06 16:53:40,45.7691,47.1258,74.66,38,82,7.52
546,Uige,AO,2021-06-06 16:53:41,-7.6087,15.0613,86.02,37,75,6.91
547,Vysokogornyy,RU,2021-06-06 16:53:41,50.1167,139.15,45.25,94,65,4.43
548,Lalmohan,BD,2021-06-06 16:53:41,22.3384,90.7419,83.32,84,100,13.62
549,Rabo De Peixe,PT,2021-06-06 16:53:42,37.8,-25.5833,67.51,77,40,6.87
550,Dakar,SN,2021-06-06 16:50:22,14.6937,-17.4441,86.88,69,24,9.22
551,Iwamizawa,JP,2021-06-06 16:53:42,43.2003,141.7597,58.08,95,75,3.42
552,Sakaiminato,JP,2021-06-06 16:53:43,35.55,133.2333,67.98,88,75,1.14
553,Genova,IT,2021-06-06 16:53:43,44.5,9.0667,69.98,66,99,7.0
554,Lompoc,US,2021-06-06 16:53:43,34.6391,-120.4579,57.92,83,90,1.01
555,Tommot,RU,2021-06-06 16:53:44,58.9564,126.2925,61.99,63,71,3.74
556,Gilleleje,DK,2021-06-06 16:53:44,56.122,12.3106,74.1,77,10,6.89
557,Suntar,RU,2021-06-06 16:53:44,62.1444,117.6319,48.61,80,100,6.24
558,Piacabucu,BR,2021-06-06 16:53:45,-10.4056,-36.4344,81.41,68,8,8.86
559,Yar-Sale,RU,2021-06-06 16:53:45,66.8333,70.8333,39.92,59,67,12.86
560,Hongjiang,CN,2021-06-06 16:53:45,27.11,109.9956,72.05,73,76,3.04
561,Sao Lourenco Do Oeste,BR,2021-06-06 16:53:46,-26.3592,-52.8511,59.7,91,100,5.37
562,Lasa,IT,2021-06-06 16:50:40,46.6166,10.7002,67.08,85,99,4.29
563,Nombre De Dios,MX,2021-06-06 16:53:46,23.85,-104.2333,77.81,26,1,2.19
564,Rehau,DE,2021-06-06 16:53:46,50.25,12.0333,67.68,89,40,5.28
565,Kimbe,PG,2021-06-06 16:53:47,-5.5502,150.1429,75.34,92,98,3.2
566,Puro,PH,2021-06-06 16:53:47,12.4841,123.3827,81.68,79,96,7.96
567,Kitimat,CA,2021-06-06 16:53:48,54.0524,-128.6534,48.9,96,100,2.44
568,Dunedin,NZ,2021-06-06 16:52:28,-45.8742,170.5036,43.81,86,0,2.98
569,Barguzin,RU,2021-06-06 16:53:48,53.6167,109.6167,45.21,95,98,6.49
570,Rio Gallegos,AR,2021-06-06 16:53:48,-51.6226,-69.2181,42.85,61,75,9.22
